Date/Time,LIVING ZONE:Zone Combined Outdoor Air Sensible Heat Loss Energy [J](TimeStep:REPORTSCH),LIVING ZONE:Zone Combined Outdoor Air Current Density Volume Flow Rate [m3/s](TimeStep:REPORTSCH),LIVING ZONE:Zone Combined Outdoor Air Mass [kg](TimeStep:REPORTSCH),LIVING ZONE:Zone Air System Sensible Heating Energy [J](TimeStep:REPORTSCH),LIVING ZONE:Zone Air System Sensible Cooling Energy [J](TimeStep:REPORTSCH),LIVING ZONE:Zone Air Temperature [C](TimeStep:REPORTSCH),GARAGE ZONE:Zone Air System Sensible Heating Energy [J](TimeStep:REPORTSCH),GARAGE ZONE:Zone Air System Sensible Cooling Energy [J](TimeStep:REPORTSCH),GARAGE ZONE:Zone Air Temperature [C](TimeStep:REPORTSCH),ATTIC ZONE:Zone Air System Sensible Heating Energy [J](TimeStep:REPORTSCH),ATTIC ZONE:Zone Air System Sensible Cooling Energy [J](TimeStep:REPORTSCH),ATTIC ZONE:Zone Air Temperature [C](TimeStep:REPORTSCH),ACDXCOIL 1:Cooling Coil Total Cooling Energy [J](TimeStep:REPORTSCH),HEAT PUMP DX HEATING COIL 1:Heating Coil Heating Energy [J](TimeStep:REPORTSCH),SUPP HEATING COIL 1:Heating Coil Heating Energy [J](TimeStep:REPORTSCH),TWOSPEED HEAT PUMP 1:Unitary System DX Coil Cycling Ratio [](TimeStep:REPORTSCH),TWOSPEED HEAT PUMP 1:Unitary System DX Coil Speed Ratio [](TimeStep:REPORTSCH),TWOSPEED HEAT PUMP 1:Unitary System DX Coil Speed Level [](TimeStep) 
 01/21  00:10:00,20637636.650334,14.506169948091749,1093.1100392920032,19835719.852453407,0.0,6.938473394304276,0.0,0.0,-17.92774360227311,0.0,0.0,-18.672308539980637,0.0,0.0,19389101.183533117,0.9999999999999999,0.9999999999999999,1.9999999999999998 
 01/21  00:20:00,20883526.134776555,14.594031473322124,1098.9465911875552,20571028.50265506,0.0,8.047667762018136,0.0,0.0,-17.92763636826212,0.0,0.0,-18.67372543182042,0.0,0.0,19556326.562484313,0.9999999999999999,0.9999999999999999,1.9999999999999998 
 01/21  00:30:00,306964.5049729056,0.1560756244248111,11.431992371834076,19999407.76048815,0.0,9.382438708935073,0.0,0.0,-17.926316229383996,0.0,0.0,-18.67245404238128,0.0,0.0,20215538.02623522,0.9999999999999999,0.9999999999999999,1.9999999999999998 
 01/21  00:40:00,20098323.26558765,14.308944057037213,1079.7158785576885,20340649.99976019,0.0,5.29556509651019,0.0,0.0,-17.92645255814145,0.0,0.0,-18.671011947750138,0.0,0.0,20193290.76501463,0.9999999999999999,0.9999999999999999,1.9999999999999998 
 01/21  00:50:00,20637636.617530286,14.506169935886826,1093.1100384322672,19835719.86426509,0.0,6.938473368275422,0.0,0.0,-17.927748042966986,0.0,0.0,-18.672309076094773,0.0,0.0,19389101.195925303,0.9999999999999999,0.9999999999999999,1.9999999999999998 
 01/21  01:00:00,20883526.12801525,14.59403147103437,1098.9465910288297,20571028.50627014,0.0,8.047667747869356,0.0,0.0,-17.927640749040457,0.0,0.0,-18.673725961774466,0.0,0.0,19556326.566753764,0.9999999999999999,0.9999999999999999,1.9999999999999998 
 01/21  01:10:00,306964.5046268386,0.15607562440819467,11.431992371834076,19999407.768058788,0.0,9.382438678855765,0.0,0.0,-17.92632055207431,0.0,0.0,-18.672454565628783,0.0,0.0,20215538.033156153,0.9999999999999999,0.9999999999999999,1.9999999999999998 
 01/21  01:20:00,20098323.240338743,14.308944048284086,1079.715877947508,20340650.003569685,0.0,5.295565074910268,0.0,0.0,-17.926456823362408,0.0,0.0,-18.67101246300881,0.0,0.0,20193290.768407263,0.9999999999999999,0.9999999999999999,1.9999999999999998 
 01/21  01:30:00,20637636.58645083,14.506169924323423,1093.1100376177212,19835719.8754559,0.0,6.938473343614765,0.0,0.0,-17.927752250475315,0.0,0.0,-18.672309584052652,0.0,0.0,19389101.207666107,0.9999999999999999,0.9999999999999999,1.9999999999999998 
 01/21  01:40:00,20883526.12161002,14.59403146886713,1098.946590878466,20571028.509695034,0.0,8.04766773446464,0.0,0.0,-17.927644899779068,0.0,0.0,-18.673726463895846,0.0,0.0,19556326.570798613,0.9999999999999999,0.9999999999999999,1.9999999999999998 
 01/21  01:50:00,306964.5042989564,0.1560756243924514,11.431992371834076,19999407.77523166,0.0,9.382438650357035,0.0,0.0,-17.92632464777466,0.0,0.0,-18.672455061395915,0.0,0.0,20215538.03971342,0.9999999999999999,0.9999999999999999,1.9999999999999998 
 01/21  02:00:00,20098323.21641675,14.30894403999095,1079.7158773693932,20340650.007178973,0.0,5.2955650544456265,0.0,0.0,-17.926460864610878,0.0,0.0,-18.671012951206666,0.0,0.0,20193290.77162162,0.9999999999999999,0.9999999999999999,1.9999999999999998 
 01/21  02:10:00,20637636.55700505,14.506169913367845,1093.1100368459913,19835719.886058472,0.0,6.938473320250404,0.0,0.0,-17.92775623704212,0.0,0.0,-18.672310065333136,0.0,0.0,19389101.21878977,0.9999999999999999,0.9999999999999999,1.9999999999999998 
 01/21  02:20:00,20883526.115542118,14.594031466814048,1098.9465907360232,20571028.51293975,0.0,8.047667721764864,0.0,0.0,-17.927648832557175,0.0,0.0,-18.673726939646464,0.0,0.0,19556326.574630674,0.9999999999999999,0.9999999999999999,1.9999999999999998 
 01/21  02:30:00,306964.5039883043,0.15607562437753542,11.431992371834076,19999407.782027632,0.0,9.3824386233559,0.0,0.0,-17.92632852840429,0.0,0.0,-18.67245553112604,0.0,0.0,20215538.045926098,0.9999999999999999,0.9999999999999999,1.9999999999999998 
 01/21  02:40:00,20098323.19375196,14.308944032133635,1079.7158768216593,20340650.010598563,0.0,5.295565035056574,0.0,0.0,-17.92646469364771,0.0,0.0,-18.67101341376497,0.0,0.0,20193290.774667054,0.9999999999999999,0.9999999999999999,1.9999999999999998 
 01/21  02:50:00,20637636.52910695,14.506169902988093,1093.1100361148237,19835719.89610377,0.0,6.9384732981141,0.0,0.0,-17.927760014268593,0.0,0.0,-18.672310521337344,0.0,0.0,19389101.229328778,0.9999999999999999,0.9999999999999999,1.9999999999999998 
 01/21  03:00:00,20883526.109793726,14.594031464869099,1098.9465906010823,20571028.516013786,0.0,8.047667709732906,0.0,0.0,-17.92765255881965,0.0,0.0,-18.673727390411287,0.0,0.0,19556326.57826116,0.9999999999999999,0.9999999999999999,1.9999999999999998 
 01/21  03:10:00,306964.5036939746,0.1560756243634032,11.431992371834076,19999407.788466573,0.0,9.382438597773472,0.0,0.0,-17.92633220525694,0.0,0.0,-18.67245597618666,0.0,0.0,20215538.051812354,0.9999999999999999,0.9999999999999999,1.9999999999999998 
 01/21  03:20:00,20098323.172278147,14.308944024689184,1079.7158763027062,20340650.01383846,0.0,5.295565016686516,0.0,0.0,-17.92646832161679,0.0,0.0,-18.67101385203051,0.0,0.0,20193290.77755248,0.9999999999999999,0.9999999999999999,1.9999999999999998 
 01/21  03:30:00,20637636.502675112,14.506169893153867,1093.1100354220841,19835719.905621085,0.0,6.938473277141263,0.0,0.0,-17.927763593147652,0.0,0.0,-18.67231095339303,0.0,0.0,19389101.23931387,0.9999999999999999,0.9999999999999999,1.9999999999999998 
 01/21  03:40:00,20883526.10434797,14.594031463026564,1098.9465904732474,20571028.51892614,0.0,8.047667698333576,0.0,0.0,-17.927656089410142,0.0,0.0,-18.6737278175028,0.0,0.0,19556326.581700698,0.9999999999999999,0.9999999999999999,1.9999999999999998 
 01/21  03:50:00,306964.5034151104,0.15607562435001351,11.431992371834076,19999407.794567205,0.0,9.382438573535275,0.0,0.0,-17.926335689031397,0.0,0.0,-18.672456397873518,0.0,0.0,20215538.05738932,0.9999999999999999,0.9999999999999999,1.9999999999999998 
 01/21  04:00:00,20098323.151932813,14.30894401763593,1079.7158758110231,20340650.01690808,0.0,5.2955649992819005,0.0,0.0,-17.926471759074396,0.0,0.0,-18.671014267279084,0.0,0.0,20193290.780286286,0.9999999999999999,0.9999999999999999,1.9999999999999998 
 01/21  04:10:00,20637636.47763242,14.506169883836495,1093.1100347657523,19835719.9146382,0.0,6.9384732572707,0.0,0.0,-17.92776698409326,0.0,0.0,-18.672311362757867,0.0,0.0,19389101.24877418,0.9999999999999999,0.9999999999999999,1.9999999999999998 
 01/21  04:20:00,20883526.09918891,14.594031461281043,1098.946590352144,20571028.52168531,0.0,8.04766768753362,0.0,0.0,-17.927659434603513,0.0,0.0,-18.673728222164247,0.0,0.0,19556326.584959336,0.9999999999999999,0.9999999999999999,1.9999999999999998 
 01/21  04:30:00,306964.50315089844,0.15607562433732736,11.431992371834076,19999407.800347324,0.0,9.382438550570606,0.0,0.0,-17.926338989867627,0.0,0.0,-18.672456797414256,0.0,0.0,20215538.06267326,0.9999999999999999,0.9999999999999999,1.9999999999999998 
 01/21  04:40:00,20098323.132656537,14.308944010953281,1079.715875345175,20340650.019816402,0.0,5.2955649827919,0.0,0.0,-17.926475016025893,0.0,0.0,-18.67101466071962,0.0,0.0,20193290.78287645,0.9999999999999999,0.9999999999999999,1.9999999999999998 
 01/21  04:50:00,20637636.453905832,14.506169875008796,1093.1100341439135,19835719.92318143,0.0,6.938473238444421,0.0,0.0,-17.92777019697479,0.0,0.0,-18.672311750623695,0.0,0.0,19389101.257737316,0.9999999999999999,0.9999999999999999,1.9999999999999998 
 01/21  05:00:00,20883526.0943014,14.594031459627418,1098.946590237416,20571028.52429938,0.0,8.047667677301447,0.0,0.0,-17.92766260413488,0.0,0.0,-18.673728605573768,0.0,0.0,19556326.588046603,0.9999999999999999,0.9999999999999999,1.9999999999999998 
 01/21  05:10:00,306964.5029005678,0.15607562432530775,11.431992371834076,19999407.8058238,0.0,9.38243852881247,0.0,0.0,-17.926342117370723,0.0,0.0,-18.672457175972003,0.0,0.0,20215538.06767959,0.9999999999999999,0.9999999999999999,1.9999999999999998 
 01/21  05:20:00,20098323.114393108,14.308944004621756,1079.7158749038033,20340650.022571903,0.0,5.2955649671684375,0.0,0.0,-17.926478101948604,0.0,0.0,-18.671015033497593,0.0,0.0,20193290.785330534,0.9999999999999999,0.9999999999999999,1.9999999999999998 
 01/21  05:30:00,20637636.431426097,14.506169866644996,1093.1100335547528,19835719.93127569,0.0,6.93847322060752,0.0,0.0,-17.927773241141864,0.0,0.0,-18.672312118119727,0.0,0.0,19389101.266229425,0.9999999999999999,0.9999999999999999,1.9999999999999998 
 01/21  05:40:00,20883526.08967112,14.594031458060838,1098.9465901287274,20571028.526775982,0.0,8.047667667607207,0.0,0.0,-17.927665607228477,0.0,0.0,-18.673728968847566,0.0,0.0,19556326.590971526,0.9999999999999999,0.9999999999999999,1.9999999999999998 
 01/21  05:50:00,306964.5026633902,0.15607562431391964,11.431992371834076,19999407.811012544,0.0,9.382438508197565,0.0,0.0,-17.926345080643273,0.0,0.0,-18.67245753464886,0.0,0.0,20215538.07242288,0.9999999999999999,0.9999999999999999,1.9999999999999998 
 01/21  06:00:00,20098323.09708935,14.308943998622915,1079.7158744856233,20340650.02518261,0.0,5.295564952365979,0.0,0.0,-17.926481025824128,0.0,0.0,-18.671015386698198,0.0,0.0,20193290.787655666,0.9999999999999999,0.9999999999999999,1.9999999999999998 
 01/21  06:10:00,20637636.410127696,14.506169858720714,1093.1100329965527,19835719.93894459,0.0,6.9384732037079715,0.0,0.0,-17.92777612545406,0.0,0.0,-18.672312466315795,0.0,0.0,19389101.274275266,0.9999999999999999,0.9999999999999999,1.9999999999999998 
 01/21  06:20:00,20883526.085284475,14.5940314565767,1098.946590025759,20571028.529122364,0.0,8.047667658422556,0.0,0.0,-17.92766845262332,0.0,0.0,-18.673729313043143,0.0,0.0,19556326.593742657,0.9999999999999999,0.9999999999999999,1.9999999999999998 
 01/21  06:30:00,306964.50243867305,0.15607562430312982,11.431992371834076,19999407.815928712,0.0,9.382438488665695,0.0,0.0,-17.926347888307763,0.0,0.0,-18.672457874488956,0.0,0.0,20215538.076916978,0.9999999999999999,0.9999999999999999,1.9999999999999998 
 01/21  06:40:00,20098323.080694765,14.308943992939252,1079.7158740894142,20340650.02765613,0.0,5.295564938341347,0.0,0.0,-17.926483796160564,0.0,0.0,-18.671015721349605,0.0,0.0,20193290.789858643,0.9999999999999999,0.9999999999999999,1.9999999999999998 
 01/21  06:50:00,20637636.38994851,14.506169851212855,1093.110032467686,19835719.94621049,0.0,6.938473187696503,0.0,0.0,-17.92777885830488,0.0,0.0,-18.672312796225487,0.0,0.0,19389101.2818983,0.9999999999999999,0.9999999999999999,1.9999999999999998 
 01/21  07:00:00,20883526.08112866,14.59403145517067,1098.9465899282095,20571028.53134537,0.0,8.047667649720722,0.0,0.0,-17.927671148600894,0.0,0.0,-18.673729639162502,0.0,0.0,19556326.596368082,0.9999999999999999,0.9999999999999999,1.9999999999999998 
 01/21  07:10:00,306964.5022257623,0.1560756242929069,11.431992371834076,19999407.820586607,0.0,9.382438470160006,0.0,0.0,-17.926350548536316,0.0,0.0,-18.672458196481593,0.0,0.0,20215538.08117496,0.9999999999999999,0.9999999999999999,1.9999999999999998 
 01/21  07:20:00,20098323.065161556,14.308943987554212,1079.7158737140219,20340650.029999696,0.0,5.295564925053602,0.0,0.0,-17.926486421020687,0.0,0.0,-18.671016038426078,0.0,0.0,20193290.791945882,0.9999999999999999,0.9999999999999999,1.9999999999999998 
 01/21  07:30:00,20637636.37082964,14.506169844099487,1093.1100319666082,19835719.9530946,0.0,6.938473172526355,0.0,0.0,-17.92778144764732,0.0,0.0,-18.672313108809252,0.0,0.0,19389101.289120793,0.9999999999999999,0.9999999999999999,1.9999999999999998 
 01/21  07:40:00,20883526.077191535,14.594031453838644,1098.9465898357944,20571028.533451498,0.0,8.047667641476297,0.0,0.0,-17.927673703006086,0.0,0.0,-18.67372994815503,0.0,0.0,19556326.598855462,0.9999999999999999,0.9999999999999999,1.9999999999999998 
 01/21  07:50:00,306964.502024037,0.15607562428322108,11.431992371834076,19999407.824999806,0.0,9.382438452626536,0.0,0.0,-17.92635306906975,0.0,0.0,-18.672458501564147,0.0,0.0,20215538.08520924,0.9999999999999999,0.9999999999999999,1.9999999999999998 
 01/21  08:00:00,20098323.05044449,14.308943982452098,1079.7158733583524,20340650.032220118,0.0,5.295564912464085,0.0,0.0,-17.92648890804302,0.0,0.0,-18.6710163388506,0.0,0.0,20193290.793923456,0.9999999999999999,0.9999999999999999,1.9999999999999998 
 01/21  08:10:00,20637636.3527154,14.506169837359904,1093.1100314918601,19835719.959616967,0.0,6.938473158153372,0.0,0.0,-17.927783901017442,0.0,0.0,-18.672313404977036,0.0,0.0,19389101.295963757,0.9999999999999999,0.9999999999999999,1.9999999999999998 
 01/21  08:20:00,20883526.073461514,14.59403145257669,1098.9465897482412,20571028.535446897,0.0,8.047667633665206,0.0,0.0,-17.92767612327366,0.0,0.0,-18.673730240920186,0.0,0.0,19556326.601212077,0.9999999999999999,0.9999999999999999,1.9999999999999998 
 01/21  08:30:00,306964.5018329086,0.15607562427404403,11.431992371834076,19999407.82918121,0.0,9.382438436014114,0.0,0.0,-17.926355457243908,0.0,0.0,-18.672458790624667,0.0,0.0,20215538.089031607,0.9999999999999999,0.9999999999999999,1.9999999999999998 
 01/21  08:40:00,20098323.036500566,14.308943977618007,1079.7158730213664,20340650.034323893,0.0,5.295564900536011,0.0,0.0,-17.926491264465895,0.0,0.0,-18.671016623497767,0.0,0.0,20193290.795797154,0.9999999999999999,0.9999999999999999,1.9999999999999998 
 01/21  08:50:00,20637636.335552923,14.506169830974436,1093.1100310420566,19835719.96579663,0.0,6.938473144535587,0.0,0.0,-17.927786225555256,0.0,0.0,-18.67231368559103,0.0,0.0,19389101.302447177,0.9999999999999999,0.9999999999999999,1.9999999999999998 
 01/21  09:00:00,20883526.069927707,14.594031451381133,1098.9465896652946,20571028.537337393,0.0,8.047667626264653,0.0,0.0,-17.927678416447414,0.0,0.0,-18.673730518310283,0.0,0.0,19556326.60344481,0.9999999999999999,0.9999999999999999,1.9999999999999998 
 01/21  09:10:00,306964.5016518218,0.15607562426534913,11.431992371834076,19999407.833142933,0.0,9.382438420274475,0.0,0.0,-17.926357720009975,0.0,0.0,-18.672459064504718,0.0,0.0,20215538.09265315,0.9999999999999999,0.9999999999999999,1.9999999999999998 
 01/21  09:20:00,20098323.023289267,14.308943973037888,1079.7158727020856,20340650.036317125,0.0,5.29556488923466,0.0,0.0,-17.92649349714788,0.0,0.0,-18.671016893196207,0.0,0.0,20193290.797572408,0.9999999999999999,0.9999999999999999,1.9999999999999998 
 01/21  09:30:00,20637636.319292203,14.506169824924472,1093.110030615887,19835719.971651595,0.0,6.938473131633323,0.0,0.0,-17.927788428026144,0.0,0.0,-18.672313951468087,0.0,0.0,19389101.308589943,0.9999999999999999,0.9999999999999999,1.9999999999999998 
 01/21  09:40:00,20883526.06657982,14.594031450248483,1098.9465895867122,20571028.53912851,0.0,8.047667619253067,0.0,0.0,-17.927680589200634,0.0,0.0,-18.673730781132804,0.0,0.0,19556326.605560165,0.9999999999999999,0.9999999999999999,1.9999999999999998 
 01/21  09:50:00,306964.5014802482,0.15607562425711102,11.431992371834076,19999407.83689654,0.0,9.382438405361718,0.0,0.0,-17.926359863951813,0.0,0.0,-18.672459324001544,0.0,0.0,20215538.096084435,0.9999999999999999,0.9999999999999999,1.9999999999999998 
 01/21  10:00:00,20098323.010772076,14.308943968698415,1079.7158723995797,20340650.038205635,0.0,5.295564878527083,0.0,0.0,-17.92649561258564,0.0,0.0,-18.671017148731014,0.0,0.0,20193290.799254395,0.9999999999999999,0.9999999999999999,1.9999999999999998 
 01/21  10:10:00,20637636.303885855,14.506169819192385,1093.1100302121088,19835719.97719893,0.0,6.938473119408969,0.0,0.0,-17.92779051483981,0.0,0.0,-18.67231420338222,0.0,0.0,19389101.314409956,0.9999999999999999,0.9999999999999999,1.9999999999999998 
 01/21  10:20:00,20883526.063407984,14.594031449175393,1098.9465895122628,20571028.540825475,0.0,8.047667612609951,0.0,0.0,-17.927682647857573,0.0,0.0,-18.673731030152794,0.0,0.0,19556326.607564338,0.9999999999999999,0.9999999999999999,1.9999999999999998 
 01/21  10:30:00,306964.5013176861,0.1560756242493056,11.431992371834076,19999407.84045303,0.0,9.382438391232217,0.0,0.0,-17.926361895310325,0.0,0.0,-18.67245956987051,0.0,0.0,20215538.099335514,0.9999999999999999,0.9999999999999999,1.9999999999999998 
 01/21  10:40:00,20098322.99891236,14.308943964586854,1079.7158721129615,20340650.039994944,0.0,5.2955648683820415,0.0,0.0,-17.92649761693623,0.0,0.0,-18.67101739084604,0.0,0.0,20193290.80084805,0.9999999999999999,0.9999999999999999,1.9999999999999998 
 01/21  10:50:00,20637636.289288953,14.506169813761463,1093.110029829545,19835719.9824548,0.0,6.938473107826904,0.0,0.0,-17.92779249206894,0.0,0.0,-18.67231444206667,0.0,0.0,19389101.31992419,0.9999999999999999,0.9999999999999999,1.9999999999999998 
 01/21  11:00:00,20883526.060402982,14.594031448158768,1098.9465894417303,20571028.542433243,0.0,8.047667606315974,0.0,0.0,-17.927684598408625,0.0,0.0,-18.673731266095157,0.0,0.0,19556326.609463155,0.9999999999999999,0.9999999999999999,1.9999999999999998 
 01/21  11:10:00,306964.501163665,0.15607562424191024,11.431992371834076,19999407.843822647,0.0,9.382438377845075,0.0,0.0,-17.926363819996883,0.0,0.0,-18.672459802827323,0.0,0.0,20215538.10241577,0.9999999999999999,0.9999999999999999,1.9999999999999998 
 01/21  11:20:00,20098322.987675767,14.30894396069133,1079.7158718414034,20340650.041690234,0.0,5.295564858770012,0.0,0.0,-17.92649951603387,0.0,0.0,-18.67101762024606,0.0,0.0,20193290.802357964,0.9999999999999999,0.9999999999999999,1.9999999999999998 
 01/21  11:30:00,20637636.275458947,14.506169808615875,1093.1100294670805,19835719.987434536,0.0,6.938473096853336,0.0,0.0,-17.927794365469232,0.0,0.0,-18.67231466821634,0.0,0.0,19389101.32514871,0.9999999999999999,0.9999999999999999,1.9999999999999998 
 01/21  11:40:00,20883526.057555985,14.594031447195597,1098.9465893749066,20571028.54395651,0.0,8.047667600352728,0.0,0.0,-17.927686446531293,0.0,0.0,-18.673731489646737,0.0,0.0,19556326.61126218,0.9999999999999999,0.9999999999999999,1.9999999999999998 
 01/21  11:50:00,306964.50101773406,0.1560756242349034,11.431992371834076,19999407.847015288,0.0,9.382438365161114,0.0,0.0,-17.926365643612836,0.0,0.0,-18.672460023550187,0.0,0.0,20215538.105334237,0.9999999999999999,0.9999999999999999,1.9999999999999998 
 01/21  12:00:00,20098322.977029435,14.308943957000423,1079.715871584109,20340650.04329648,0.0,5.295564849662933,0.0,0.0,-17.92650131540424,0.0,0.0,-18.671017837598914,0.0,0.0,20193290.80378857,0.9999999999999999,0.9999999999999999,1.9999999999999998 
 01/21  12:10:00,20637636.262355484,14.506169803740598,1093.1100291236576,19835719.992152665,0.0,6.938473086456262,0.0,0.0,-17.927796140491935,0.0,0.0,-18.6723148824895,0.0,0.0,19389101.330098767,0.9999999999999999,0.9999999999999999,1.9999999999999998 
 01/21  12:20:00,20883526.054858718,14.594031446283083,1098.9465893115978,20571028.545399714,0.0,8.047667594702853,0.0,0.0,-17.9276881976039,0.0,0.0,-18.67373170145826,0.0,0.0,19556326.612966646,0.9999999999999999,0.9999999999999999,1.9999999999999998 
 01/21  12:30:00,306964.50087946985,0.1560756242282646,11.431992371834076,19999407.850040205,0.0,9.382438353143518,0.0,0.0,-17.92636737146552,0.0,0.0,-18.672460232681537,0.0,0.0,20215538.10809937,0.9999999999999999,0.9999999999999999,1.9999999999999998 
 01/21  12:40:00,20098322.966942437,14.308943953503432,1079.715871340333,20340650.044818327,0.0,5.295564841034317,0.0,0.0,-17.926503020284372,0.0,0.0,-18.6710180435372,0.0,0.0,20193290.805144012,0.9999999999999999,0.9999999999999999,1.9999999999999998 
 01/21  12:50:00,20637636.24994047,14.506169799121466,1093.1100287982779,19835719.996622905,0.0,6.938473076605439,0.0,0.0,-17.92779782230297,0.0,0.0,-18.67231508550982,0.0,0.0,19389101.334788755,0.9999999999999999,0.9999999999999999,1.9999999999999998 
 01/21  13:00:00,20883526.05230325,14.594031445418548,1098.9465892516173,20571028.54676707,0.0,8.047667589349853,0.0,0.0,-17.92768985672262,0.0,0.0,-18.673731902146233,0.0,0.0,19556326.61458154,0.9999999999999999,0.9999999999999999,1.9999999999999998 
 01/21  13:10:00,306964.500748468,0.15607562422197452,11.431992371834076,19999407.852906246,0.0,9.382438341757146,0.0,0.0,-17.92636900858376,0.0,0.0,-18.67246043083014,0.0,0.0,20215538.11071928,0.9999999999999999,0.9999999999999999,1.9999999999999998 
 01/21  13:20:00,20098322.95738531,14.308943950190136,1079.7158711093616,20340650.046260227,0.0,5.295564832859014,0.0,0.0,-17.92650463563669,0.0,0.0,-18.671018238660473,0.0,0.0,20193290.80642826,0.9999999999999999,0.9999999999999999,1.9999999999999998 
 01/21  13:30:00,20637636.238177694,14.50616979474501,1093.1100284899926,19835720.000858292,0.0,6.93847306727217,0.0,0.0,-17.927799415797516,0.0,0.0,-18.6723152778684,0.0,0.0,19389101.339232337,0.9999999999999999,0.9999999999999999,1.9999999999999998 
 01/21  13:40:00,20883526.04988218,14.594031444599487,1098.946589194792,20571028.548062555,0.0,8.047667584278175,0.0,0.0,-17.927691428716216,0.0,0.0,-18.67373209229494,0.0,0.0,19556326.616111547,0.9999999999999999,0.9999999999999999,1.9999999999999998 
 01/21  13:50:00,306964.50062434666,0.15607562421601484,11.431992371834076,19999407.85562177,0.0,9.382438330968832,0.0,0.0,-17.92637055973217,0.0,0.0,-18.672460618572796,0.0,0.0,20215538.113201577,0.9999999999999999,0.9999999999999999,1.9999999999999998 
 01/21  14:00:00,20098322.94833016,14.308943947050851,1079.715870890521,20340650.0476264,0.0,5.295564825113141,0.0,0.0,-17.92650616616213,0.0,0.0,-18.671018423536637,0.0,0.0,20193290.807645064,0.9999999999999999,0.9999999999999999,1.9999999999999998 
 01/21  14:10:00,20637636.22703282,14.506169790598447,1093.1100281979016,19835720.004871193,0.0,6.938473058429169,0.0,0.0,-17.92780092561296,0.0,0.0,-18.672315460125056,0.0,0.0,19389101.343442503,0.9999999999999999,0.9999999999999999,1.9999999999999998 
 01/21  14:20:00,20883526.047588356,14.594031443823473,1098.9465891409534,20571028.54928998,0.0,8.047667579472925,0.0,0.0,-17.927692918159966,0.0,0.0,-18.67373227245783,0.0,0.0,19556326.617561176,0.9999999999999999,0.9999999999999999,1.9999999999999998 
 01/21  14:30:00,306964.50050674623,0.15607562421036825,11.431992371834076,19999407.858194627,0.0,9.382438320747278,0.0,0.0,-17.9263720294252,0.0,0.0,-18.672460796456008,0.0,0.0,20215538.11555347,0.9999999999999999,0.9999999999999999,1.9999999999999998 
 01/21  14:40:00,20098322.939750727,14.308943944076507,1079.7158706831783,20340650.04892079,0.0,5.2955648177742045,0.0,0.0,-17.926507616314773,0.0,0.0,-18.671018598703938,0.0,0.0,20193290.808797933,0.9999999999999999,0.9999999999999999,1.9999999999999998 
 01/21  14:50:00,20637636.21647345,14.506169786669721,1093.1100279211555,19835720.008673277,0.0,6.938473050050746,0.0,0.0,-17.927802356142998,0.0,0.0,-18.672315632810385,0.0,0.0,19389101.347431485,0.9999999999999999,0.9999999999999999,1.9999999999999998 
 01/21  15:00:00,20883526.045415137,14.594031443088266,1098.946589089946,20571028.550452895,0.0,8.047667574920178,0.0,0.0,-17.927694329387954,0.0,0.0,-18.673732443159317,0.0,0.0,19556326.618934616,0.9999999999999999,0.9999999999999999,1.9999999999999998 
 01/21  15:10:00,306964.50039532274,0.15607562420501828,11.431992371834076,19999407.860632345,0.0,9.382438311062621,0.0,0.0,-17.926373421939743,0.0,0.0,-18.672460964997548,0.0,0.0,20215538.117781818,0.9999999999999999,0.9999999999999999,1.9999999999999998 
 01/21  15:20:00,20098322.931621984,14.308943941258391,1079.7158704867268,20340650.05014719,0.0,5.295564810820796,0.0,0.0,-17.92650899031511,0.0,0.0,-18.671018764672148,0.0,0.0,20193290.809890248,0.9999999999999999,0.9999999999999999,1.9999999999999998 
 01/21  15:30:00,20637636.206468817,14.506169782947392,1093.110027658948,19835720.01227561,0.0,6.93847304211249,0.0,0.0,-17.92780371155119,0.0,0.0,-18.672315796427004,0.0,0.0,19389101.351210907,0.9999999999999999,0.9999999999999999,1.9999999999999998 
 01/21  15:40:00,20883526.043356236,14.594031442391739,1098.9465890416218,20571028.55155468,0.0,8.047667570606697,0.0,0.0,-17.927695666508207,0.0,0.0,-18.673732604896337,0.0,0.0,19556326.62023586,0.9999999999999999,0.9999999999999999,1.9999999999999998 
 01/21  15:50:00,306964.5002897512,0.15607562419994928,11.431992371834076,19999407.86294206,0.0,9.382438301886598,0.0,0.0,-17.926374741329667,0.0,0.0,-18.67246112468804,0.0,0.0,20215538.11989314,0.9999999999999999,0.9999999999999999,1.9999999999999998 
 01/21  16:00:00,20098322.92392016,14.308943938588278,1079.7158703005925,20340650.05130918,0.0,5.295564804232619,0.0,0.0,-17.926510292163385,0.0,0.0,-18.67101892192446,0.0,0.0,20193290.8109252,0.9999999999999999,0.9999999999999999,1.9999999999999998 
 01/21  16:10:00,20637636.196989696,14.50616977942059,1093.110027410514,19835720.015688725,0.0,6.938473034591206,0.0,0.0,-17.927804995783752,0.0,0.0,-18.672315951451186,0.0,0.0,19389101.354791805,0.9999999999999999,0.9999999999999999,1.9999999999999998 
 01/21  16:20:00,20883526.041405533,14.594031441731815,1098.9465889958376,20571028.552598577,0.0,8.047667566519817,0.0,0.0,-17.927696933412726,0.0,0.0,-18.673732758139632,0.0,0.0,19556326.62146874,0.9999999999999999,0.9999999999999999,1.9999999999999998 
 01/21  16:30:00,306964.5001897255,0.1560756241951465,11.431992371834076,19999407.865130436,0.0,9.382438293192601,0.0,0.0,-17.926375991434455,0.0,0.0,-18.672461275992323,0.0,0.0,20215538.12189356,0.9999999999999999,0.9999999999999999,1.9999999999999998 
 01/21  16:40:00,20098322.916622918,14.308943936058435,1079.7158701242358,20340650.052410122,0.0,5.295564797990514,0.0,0.0,-17.926511525647186,0.0,0.0,-18.671019070918597,0.0,0.0,20193290.811905783,0.9999999999999999,0.9999999999999999,1.9999999999999998 
 01/21  16:50:00,20637636.188008513,14.506169776079052,1093.1100271751297,19835720.018922556,0.0,6.93847302746501,0.0,0.0,-17.92780621257677,0.0,0.0,-18.672316098334232,0.0,0.0,19389101.358184606,0.9999999999999999,0.9999999999999999,1.9999999999999998 
 01/21  17:00:00,20883526.039557327,14.594031441106571,1098.9465889524593,20571028.553587634,0.0,8.047667562647623,0.0,0.0,-17.92769813378772,0.0,0.0,-18.673732903335274,0.0,0.0,19556326.622636855,0.9999999999999999,0.9999999999999999,1.9999999999999998 
 01/21  17:10:00,306964.5000949534,0.15607562419059604,11.431992371834076,19999407.867203876,0.0,9.382438284955244,0.0,0.0,-17.926377175891844,0.0,0.0,-18.672461419350736,0.0,0.0,20215538.1237889,0.9999999999999999,0.9999999999999999,1.9999999999999998 
 01/21  17:20:00,20098322.909708988,14.308943933661476,1079.715869957143,20340650.053453233,0.0,5.295564792076325,0.0,0.0,-17.926512694356816,0.0,0.0,-18.67101921208823,0.0,0.0,20193290.81283486,0.9999999999999999,0.9999999999999999,1.9999999999999998 
 01/21  17:30:00,20637636.17949913,14.506169772913047,1093.110026952111,19835720.021986496,0.0,6.938473020713179,0.0,0.0,-17.927807365472237,0.0,0.0,-18.672316237503658,0.0,0.0,19389101.36139917,0.9999999999999999,0.9999999999999999,1.9999999999999998 
 01/21  17:40:00,20883526.037806254,14.594031440514186,1098.9465889113605,20571028.554524723,0.0,8.047667558978867,0.0,0.0,-17.927699271127132,0.0,0.0,-18.673733040905933,0.0,0.0,19556326.623743586,0.9999999999999999,0.9999999999999999,1.9999999999999998 
 01/21  17:50:00,306964.5000051593,0.15607562418628457,11.431992371834076,19999407.869168404,0.0,9.382438277150557,0.0,0.0,-17.926378298149633,0.0,0.0,-18.67246155518071,0.0,0.0,20215538.125584695,0.9999999999999999,0.9999999999999999,1.9999999999999998 
 01/21  18:00:00,20098322.903158244,14.308943931390427,1079.7158697988273,20340650.05444155,0.0,5.295564786472813,0.0,0.0,-17.926513801693698,0.0,0.0,-18.671019345844304,0.0,0.0,20193290.813715134,0.9999999999999999,0.9999999999999999,1.9999999999999998 
 01/21  18:10:00,20637636.171436757,14.506169769913358,1093.1100267408076,19835720.024889484,0.0,6.938473014316042,0.0,0.0,-17.92780845782559,0.0,0.0,-18.672316369364527,0.0,0.0,19389101.364444867,0.9999999999999999,0.9999999999999999,1.9999999999999998 
 01/21  18:20:00,20883526.036147248,14.594031439952952,1098.9465888724228,20571028.555412572,0.0,8.04766755550288,0.0,0.0,-17.927700348741343,0.0,0.0,-18.673733171252017,0.0,0.0,19556326.624792166,0.9999999999999999,0.9999999999999999,1.9999999999999998 
 01/21  18:30:00,306964.4999200809,0.1560756241821995,11.431992371834076,19999407.871029783,0.0,9.382438269755749,0.0,0.0,-17.926379361473877,0.0,0.0,-18.672461683877497,0.0,0.0,20215538.127286177,0.9999999999999999,0.9999999999999999,1.9999999999999998 
 01/21  18:40:00,20098322.896951504,14.30894392923863,1079.7158696488245,20340650.055377964,0.0,5.295564781163582,0.0,0.0,-17.926514850880665,0.0,0.0,-18.67101947257614,0.0,0.0,20193290.814549185,0.9999999999999999,0.9999999999999999,1.9999999999999998 
 01/21  18:50:00,20637636.163797818,14.506169767071212,1093.1100265406021,19835720.027640004,0.0,6.938473008254877,0.0,0.0,-17.92780949281556,0.0,0.0,-18.672316494300695,0.0,0.0,19389101.367330603,0.9999999999999999,0.9999999999999999,1.9999999999999998 
 01/21  19:00:00,20883526.034575425,14.594031439421212,1098.9465888355319,20571028.556253772,0.0,8.047667552209488,0.0,0.0,-17.92770136976631,0.0,0.0,-18.673733294752946,0.0,0.0,19556326.625785653,0.9999999999999999,0.9999999999999999,1.9999999999999998 
 01/21  19:10:00,306964.4998394726,0.1560756241783291,11.431992371834076,19999407.872793343,0.0,9.382438262749469,0.0,0.0,-17.92638036895986,0.0,0.0,-18.672461805815733,0.0,0.0,20215538.12889826,0.9999999999999999,0.9999999999999999,1.9999999999999998 
 01/21  19:20:00,20098322.891070895,14.30894392719991,1079.7158695067044,20340650.056265175,0.0,5.295564776133294,0.0,0.0,-17.926515844971735,0.0,0.0,-18.671019592652616,0.0,0.0,20193290.81533941,0.9999999999999999,0.9999999999999999,1.9999999999999998 
 01/21  19:30:00,20637636.1565602,14.506169764378376,1093.110026350914,19835720.030246027,0.0,6.938473002512146,0.0,0.0,-17.927810473455185,0.0,0.0,-18.67231661267582,0.0,0.0,19389101.37006474,0.9999999999999999,0.9999999999999999,1.9999999999999998 
 01/21  19:40:00,20883526.033086244,14.594031438917428,1098.9465888005802,20571028.557050765,0.0,8.047667549089146,0.0,0.0,-17.927702337174278,0.0,0.0,-18.67373341176823,0.0,0.0,19556326.626726933,0.9999999999999999,0.9999999999999999,1.9999999999999998 
 01/21  19:50:00,306964.49976309633,0.15607562417466186,11.431992371834076,19999407.87446434,0.0,9.382438256111035,0.0,0.0,-17.92638132353956,0.0,0.0,-18.672461921350425,0.0,0.0,20215538.130425714,0.9999999999999999,0.9999999999999999,1.9999999999999998 
 01/21  20:00:00,20098322.885499038,14.308943925268217,1079.7158693720455,20340650.05710581,0.0,5.295564771367179,0.0,0.0,-17.92651678685972,0.0,0.0,-18.67101970642326,0.0,0.0,20193290.816088147,0.9999999999999999,0.9999999999999999,1.9999999999999998 
 01/21  20:10:00,20637636.149702724,14.506169761826984,1093.1100261711897,19835720.032715168,0.0,6.938472997071042,0.0,0.0,-17.927811402598028,0.0,0.0,-18.67231672483444,0.0,0.0,19389101.372655265,0.9999999999999999,0.9999999999999999,1.9999999999999998 
 01/21  20:20:00,20883526.031675283,14.594031438440114,1098.946588767465,20571028.557805896,0.0,8.04766754613269,0.0,0.0,-17.92770325378016,0.0,0.0,-18.673733522638408,0.0,0.0,19556326.627618775,0.9999999999999999,0.9999999999999999,1.9999999999999998 
 01/21  20:30:00,306964.4996907329,0.15607562417118737,11.431992371834076,19999407.876047526,0.0,9.382438249821373,0.0,0.0,-17.926382227990757,0.0,0.0,-18.672462030817783,0.0,0.0,20215538.13187291,0.9999999999999999,0.9999999999999999,1.9999999999999998 
 01/21  20:40:00,20098322.880219936,14.308943923438017,1079.7158692444616,20340650.05790227,0.0,5.295564766851435,0.0,0.0,-17.926517679285844,0.0,0.0,-18.671019814219278,0.0,0.0,20193290.816797547,0.9999999999999999,0.9999999999999999,1.9999999999999998 
 01/21  20:50:00,20637636.14320543,14.506169759409604,1093.110026000905,19835720.035054617,0.0,6.938472991915737,0.0,0.0,-17.92781228294819,0.0,0.0,-18.672316831103075,0.0,0.0,19389101.375109725,0.9999999999999999,0.9999999999999999,1.9999999999999998 
 01/21  21:00:00,20883526.030338485,14.594031437987885,1098.9465887360902,20571028.55852135,0.0,8.047667543331553,0.0,0.0,-17.927704122251676,0.0,0.0,-18.67373362768627,0.0,0.0,19556326.628463753,0.9999999999999999,0.9999999999999999,1.9999999999999998 
 01/21  21:10:00,306964.4996221697,0.1560756241678953,11.431992371834076,19999407.87754758,0.0,9.382438243862028,0.0,0.0,-17.92638308494604,0.0,0.0,-18.672462134536445,0.0,0.0,20215538.133244105,0.9999999999999999,0.9999999999999999,1.9999999999999998 
 01/21  21:20:00,20098322.87521808,14.308943921703948,1079.7158691235786,20340650.0586569,0.0,5.295564762572884,0.0,0.0,-17.926518524847427,0.0,0.0,-18.67101991635433,0.0,0.0,20193290.817469686,0.9999999999999999,0.9999999999999999,1.9999999999999998 
 01/21  21:30:00,20637636.13704944,14.506169757119203,1093.110025839565,19835720.037271183,0.0,6.938472987031227,0.0,0.0,-17.927813117068254,0.0,0.0,-18.672316931791002,0.0,0.0,19389101.377435252,0.9999999999999999,0.9999999999999999,1.9999999999999998 
 01/21  21:40:00,20883526.029071912,14.594031437559414,1098.9465887063639,20571028.55919923,0.0,8.047667540677558,0.0,0.0,-17.92770494511718,0.0,0.0,-18.673733727217524,0.0,0.0,19556326.629264347,0.9999999999999999,0.9999999999999999,1.9999999999999998 
 01/21  21:50:00,306964.4995572078,0.15607562416477616,11.431992371834076,19999407.87896884,0.0,9.382438238215697,0.0,0.0,-17.92638389689993,0.0,0.0,-18.67246223280831,0.0,0.0,20215538.134543274,0.9999999999999999,0.9999999999999999,1.9999999999999998 
 01/21  22:00:00,20098322.87047894,14.308943920060948,1079.7158690090446,20340650.0593719,0.0,5.295564758519028,0.0,0.0,-17.926519326005998,0.0,0.0,-18.671020013125755,0.0,0.0,20193290.818106525,0.9999999999999999,0.9999999999999999,1.9999999999999998 
 01/21  22:10:00,20637636.131216794,14.506169754949102,1093.1100256866994,19835720.039371323,0.0,6.938472982403274,0.0,0.0,-17.927813907386046,0.0,0.0,-18.67231702719127,0.0,0.0,19389101.379638642,0.9999999999999999,0.9999999999999999,1.9999999999999998 
 01/21  22:20:00,20883526.027871933,14.594031437153474,1098.9465886782004,20571028.559841476,0.0,8.047667538163005,0.0,0.0,-17.92770572477145,0.0,0.0,-18.673733821521875,0.0,0.0,19556326.63002287,0.9999999999999999,0.9999999999999999,1.9999999999999998 
 01/21  22:30:00,306964.49949565716,0.15607562416182078,11.431992371834076,19999407.88031548,0.0,9.382438232865859,0.0,0.0,-17.926384666215572,0.0,0.0,-18.672462325919444,0.0,0.0,20215538.135774232,0.9999999999999999,0.9999999999999999,1.9999999999999998 
 01/21  22:40:00,20098322.865988683,14.308943918504228,1079.715868900525,20340650.060049344,0.0,5.29556475467812,0.0,0.0,-17.92652008509277,0.0,0.0,-18.67102010481527,0.0,0.0,20193290.818709925,0.9999999999999999,0.9999999999999999,1.9999999999999998 
 01/21  22:50:00,20637636.125690486,14.506169752892985,1093.110025541863,19835720.041361153,0.0,6.938472978018409,0.0,0.0,-17.927814656200855,0.0,0.0,-18.67231711758165,0.0,0.0,19389101.38172629,0.9999999999999999,0.9999999999999999,1.9999999999999998 
 01/21  23:00:00,20883526.026735015,14.594031436768866,1098.9465886515172,20571028.560449988,0.0,8.047667535780544,0.0,0.0,-17.927706463482327,0.0,0.0,-18.673733910873892,0.0,0.0,19556326.630741544,0.9999999999999999,0.9999999999999999,1.9999999999999998 
 01/21  23:10:00,306964.4994373402,0.15607562415902065,11.431992371834076,19999407.881591357,0.0,9.382438227797083,0.0,0.0,-17.926385395131067,0.0,0.0,-18.672462414140856,0.0,0.0,20215538.136940517,0.9999999999999999,0.9999999999999999,1.9999999999999998 
 01/21  23:20:00,20098322.861734312,14.308943917029294,1079.7158687977067,20340650.060691196,0.0,5.295564751038968,0.0,0.0,-17.926520804317423,0.0,0.0,-18.671020191689703,0.0,0.0,20193290.819281623,0.9999999999999999,0.9999999999999999,1.9999999999999998 
 01/21  23:30:00,20637636.120454457,14.506169750944863,1093.1100254046337,19835720.04324647,0.0,6.9384729738638535,0.0,0.0,-17.92781536569364,0.0,0.0,-18.672317203225177,0.0,0.0,19389101.38370429,0.9999999999999999,0.9999999999999999,1.9999999999999998 
 01/21  23:40:00,20883526.02565784,14.594031436404471,1098.9465886262365,20571028.561026525,0.0,8.047667533523235,0.0,0.0,-17.92770716340216,0.0,0.0,-18.673733995533578,0.0,0.0,19556326.63142246,0.9999999999999999,0.9999999999999999,1.9999999999999998 
 01/21  23:50:00,306964.49938208563,0.15607562415636766,11.431992371834076,19999407.882800248,0.0,9.382438222994502,0.0,0.0,-17.92638608576954,0.0,0.0,-18.67246249772935,0.0,0.0,20215538.138045546,0.9999999999999999,0.9999999999999999,1.9999999999999998 
 01/21  24:00:00,20098322.857703373,14.30894391563182,1079.7158687002877,20340650.061299346,0.0,5.295564747590944,0.0,0.0,-17.926521485773165,0.0,0.0,-18.67102027400194,0.0,0.0,20193290.819823295,0.9999999999999999,0.9999999999999999,1.9999999999999998 
 07/21  00:10:00,1783687.6753071332,11.46069493492953,1971.4097062594778,0.0,0.0,23.672132523249566,0.0,0.0,28.16140607365135,0.0,0.0,22.221816376073132,0.0,0.0,0.0,0.0,0.0,0.0 
 07/21  00:20:00,1468161.8930010148,5.6500970390960354,1951.0063879317354,0.0,0.0,23.53667759230347,0.0,0.0,28.020487812429515,0.0,0.0,22.113248864687442,0.0,0.0,0.0,0.0,0.0,0.0 
 07/21  00:30:00,1877025.4325998619,5.739247550065788,1981.2447183315635,0.0,0.0,23.529000799596403,0.0,0.0,27.78555826885531,0.0,0.0,21.920059302153675,0.0,0.0,0.0,0.0,0.0,0.0 
 07/21  00:40:00,1820655.0924976382,5.74077379188192,1982.6761230927636,0.0,0.0,23.399331476437645,0.0,0.0,27.62334021883717,0.0,0.0,21.7870845915459,0.0,0.0,0.0,0.0,0.0,0.0 
 07/21  00:50:00,1814443.847064846,5.736947169191434,1982.0890266880942,0.0,0.0,23.289757788815734,0.0,0.0,27.470274369073294,0.0,0.0,21.668801756434636,0.0,0.0,0.0,0.0,0.0,0.0 
 07/21  01:00:00,1806612.6180706348,5.736350853010995,1982.6266582018027,0.0,0.0,23.17520679705526,0.0,0.0,27.31282313756615,0.0,0.0,21.548662964648923,0.0,0.0,0.0,0.0,0.0,0.0 
 07/21  01:10:00,1763946.1797856234,5.725650708039042,1979.535812748272,0.0,0.0,23.086814909657065,0.0,0.0,27.16188436223607,0.0,0.0,21.433395155139937,0.0,0.0,0.0,0.0,0.0,0.0 
 07/21  01:20:00,1742471.6325493895,5.722230946058808,1978.8989470189215,0.0,0.0,22.999801243878373,0.0,0.0,27.016655449600115,0.0,0.0,21.32594285031184,0.0,0.0,0.0,0.0,0.0,0.0 
 07/21  01:30:00,1713955.312885388,5.7173001462323825,1977.7607012371222,0.0,0.0,22.91230574314143,0.0,0.0,26.873279655648147,0.0,0.0,21.225022604829718,0.0,0.0,0.0,0.0,0.0,0.0 
 07/21  01:40:00,1688814.537172882,5.712906733250537,1976.7972877014558,0.0,0.0,22.825732872308834,0.0,0.0,26.73167783787563,0.0,0.0,21.12910184572094,0.0,0.0,0.0,0.0,0.0,0.0 
 07/21  01:50:00,1663843.3119052565,5.708575744912879,1975.8545184695038,0.0,0.0,22.739443798515907,0.0,0.0,26.59195806630494,0.0,0.0,21.036908025095894,0.0,0.0,0.0,0.0,0.0,0.0 
 07/21  02:00:00,1639581.643991193,5.704362908885104,1974.9499792292802,0.0,0.0,22.65351014876334,0.0,0.0,26.45390057002455,0.0,0.0,20.947485327971606,0.0,0.0,0.0,0.0,0.0,0.0 
 07/21  02:10:00,1601705.4849472512,5.696176389806733,1972.5904873723139,0.0,0.0,22.581174285369677,0.0,0.0,26.319637085255543,0.0,0.0,20.861899334103242,0.0,0.0,0.0,0.0,0.0,0.0 
 07/21  02:20:00,1573896.4777042659,5.691498347298688,1971.415503762865,0.0,0.0,22.509811990390993,0.0,0.0,26.188914255514153,0.0,0.0,20.780975911047186,0.0,0.0,0.0,0.0,0.0,0.0 
 07/21  02:30:00,1543605.5594710573,5.686242578310667,1970.0475805307826,0.0,0.0,22.438615731167122,0.0,0.0,26.060016711523033,0.0,0.0,20.703961269152465,0.0,0.0,0.0,0.0,0.0,0.0 
 07/21  02:40:00,1515400.7317930823,5.68133737249472,1968.794097992086,0.0,0.0,22.368150419555608,0.0,0.0,25.932757887953187,0.0,0.0,20.629935658163017,0.0,0.0,0.0,0.0,0.0,0.0 
 07/21  02:50:00,1487693.3857972613,5.676546403575497,1967.5782164014656,0.0,0.0,22.298054353258202,0.0,0.0,25.807168688363667,0.0,0.0,20.55817577584916,0.0,0.0,0.0,0.0,0.0,0.0 
 07/21  03:00:00,2702005.5539843836,5.722308273788409,3923.086751449121,919121.227903754,0.0,22.004228575413364,0.0,0.0,25.683081872291297,0.0,0.0,20.488123465969043,0.0,868843.9870449294,0.0,0.11110184290669568,0.0,1.0 
 07/21  03:10:00,1110072.254786902,5.722351615828325,1317.3517150540029,0.0,0.0,22.275437998444968,0.0,0.0,25.59237554753158,0.0,0.0,20.442102568464918,0.0,0.0,0.0,0.0,0.0,0.0 
 07/21  03:20:00,3117207.977729733,5.698156720360138,3906.545709993842,1240457.1687335684,0.0,22.003045217362622,0.0,0.0,25.46733058104269,0.0,0.0,20.374365190062242,0.0,1187168.7960422984,0.0,0.15173172111918384,0.0,1.0 
 07/21  03:30:00,1124912.395181299,5.736680269641712,1321.0909925168833,13799.86261269515,0.0,22.178647549003735,0.0,0.0,25.363422074612522,0.0,0.0,20.31971473850701,0.0,13062.596123515737,0.0,0.0016702480876306788,0.0,0.3333333333333332 
 07/21  03:40:00,909257.3204021965,5.739619576571298,995.107540249601,0.0,0.0,22.201360538173667,0.0,0.0,25.253379432523722,0.0,0.0,20.260347919517947,0.0,0.0,0.0,0.0,0.0,0.0 
 07/21  03:50:00,3829787.539648164,5.763019599091676,3950.9415638427836,2457367.6473805686,0.0,22.00862563040475,0.0,0.0,25.113293581577842,0.0,0.0,20.1802910956389,0.0,2339479.901125761,0.0,0.2990736682502571,0.0,1.0 
 07/21  04:00:00,1353836.0312033775,5.76357504841104,1327.2724031465427,377073.17430410977,0.0,22.158732725973593,0.0,0.0,25.01417239128974,0.0,0.0,20.127196801063818,0.0,358272.478189209,0.0,0.045803805193209424,0.0,0.3333333333333336 
 07/21  04:10:00,4139756.79931646,5.723547271636745,3923.963476798159,2740214.8175597945,0.0,22.00246342450671,0.0,0.0,24.889621045271976,0.0,0.0,20.056752392955165,0.0,2647692.379839986,0.0,0.3382777360391876,0.0,1.0 
 07/21  04:20:00,4266062.886605721,5.712144321142769,3916.177922301319,3310452.1047175108,0.0,22.00008233058165,0.0,0.0,24.755542950071156,0.0,0.0,19.980209995135638,0.0,3215248.4004635704,0.0,0.41071093501377254,0.0,1.0 
 07/21  04:30:00,4416180.734125755,5.72028446390847,3921.7601045090973,3363545.192885517,0.0,22.000005411203524,0.0,0.0,24.636903249343934,0.0,0.0,19.914214526611563,0.0,3267334.622137596,0.0,0.41736188924309975,0.0,1.0 
 07/21  04:40:00,4567423.584914908,5.728943764572381,3927.6972440003105,3587524.4871218926,0.0,22.000003075068424,0.0,0.0,24.531594369076235,0.0,0.0,19.85855088119948,0.0,3485376.335275304,0.0,0.44521187939643936,0.0,1.0 
 07/21  04:50:00,4719128.638404833,5.737621860880915,3933.6472306049805,3782635.50670312,0.0,22.00000313882495,0.0,0.0,24.430448723205927,0.0,0.0,19.80816699531938,0.0,3675346.654584725,0.0,0.469476229485402,0.0,1.0 
 07/21  05:00:00,4871274.105926588,5.746302630083996,3939.5990726182376,3950931.951399662,0.0,22.000003253836514,0.0,0.0,24.34256123459898,0.0,0.0,19.784202988564193,0.0,3839240.2390582534,0.0,0.4904097318265998,0.0,1.0 
 07/21  05:10:00,4719128.656874066,5.737621636656256,3933.6472580390036,3764155.544087516,0.0,22.000003135267086,0.0,0.0,24.29387202079545,0.0,0.0,19.85251650414509,0.0,3657351.901319112,0.0,0.46717782043476513,0.0,1.0 
 07/21  05:20:00,4567422.714770583,5.728943037505277,3927.696894774052,3539601.135852878,0.0,22.000002960584126,0.0,0.0,24.2818450814569,0.0,0.0,20.094685343544054,0.0,3438722.2721685977,0.0,0.43925286290939514,0.0,1.0 
 07/21  05:30:00,4416154.480826996,11.374947860148868,3921.7478791950034,3286672.096610563,0.0,22.000002325888126,0.0,0.0,24.296402693889597,0.0,0.0,20.397879385892026,0.0,3192530.2004327737,0.0,0.407807139951228,0.0,1.0 
 07/21  05:40:00,4265327.5122987805,11.3576981310913,3915.800362569249,3026962.505245392,0.0,22.00000213229643,0.0,0.0,24.31570068154368,0.0,0.0,21.064607730265855,0.0,2939809.138637178,0.0,0.3755271542637362,0.0,1.0 
 07/21  05:50:00,4114938.6125111673,16.97798525080791,3909.854237638934,2764493.569631365,0.0,22.00000163076762,0.0,0.0,24.339400306644205,0.0,0.0,21.525765270584017,0.0,2684477.546374688,0.0,0.3429133859133838,0.0,1.0000000000000009 
 07/21  06:00:00,2006850.6843898701,11.444465815784383,1972.9277175165776,541059.8889214293,0.0,22.10552758006032,0.0,0.0,24.37390052839326,0.0,0.0,22.217362608439466,0.0,520909.3944783421,0.0,0.06656199281321716,0.0,0.5 
 07/21  06:10:00,1742964.1116818348,11.387113014873234,1963.0233791801334,191753.6233632322,0.0,22.10856333527515,0.0,0.0,24.440827797317528,0.0,0.0,23.309472447406407,0.0,184502.57175708865,0.0,0.023576265641092903,0.0,0.25 
 07/21  06:20:00,1608273.572272305,11.35525541272411,1957.0961308023066,0.0,0.0,22.168113083645647,0.0,0.0,24.508605086331507,0.0,0.0,24.24645511457126,0.0,0.0,0.0,0.0,0.0,0.0 
 07/21  06:30:00,1679616.0558120883,11.48724625185248,1973.2031468829477,97754.16780539033,0.0,22.3829683515878,0.0,0.0,24.563614589023366,0.0,0.0,25.190905091227933,0.0,92609.28667943938,0.0,0.011841099679744251,0.0,0.25 
 07/21  06:40:00,1610341.735173522,11.45690594034052,1967.3619337322496,0.0,0.0,22.424047879578925,0.0,0.0,24.632454488944028,0.0,0.0,26.155643418091092,0.0,0.0,0.0,0.0,0.0,0.0 
 07/21  06:50:00,1014158.142427319,5.7686029322231,992.3298795302419,0.0,0.0,22.650125903233203,0.0,0.0,24.726056116455034,0.0,0.0,27.121781434661138,0.0,0.0,0.0,0.0,0.0,0.0 
 07/21  07:00:00,1630657.366920068,11.421152042194247,1970.7941453335252,0.0,0.0,22.716865884530012,0.0,0.0,24.83374189192082,0.0,0.0,28.079336728225307,0.0,0.0,0.0,0.0,0.0,0.0 
 07/21  07:10:00,1719393.4922128844,11.384648327652053,1956.4785294143066,0.0,0.0,23.029042932546645,0.0,0.0,24.97724406650305,0.0,0.0,29.041330284529906,0.0,0.0,0.0,0.0,0.0,0.0 
 07/21  07:20:00,1329621.490060585,11.446987959059856,1574.1578235157112,0.0,0.0,23.300316530802277,0.0,0.0,25.10991218620493,0.0,0.0,29.738466277434945,0.0,0.0,0.0,0.0,0.0,0.0 
 07/21  07:30:00,1575975.8813266135,11.494629109523183,1966.2471018665417,0.0,0.0,23.668559588764182,0.0,0.0,25.276137462862074,0.0,0.0,30.610787785334935,0.0,0.0,0.0,0.0,0.0,0.0 
 07/21  07:40:00,1080318.2977593576,5.863025244832998,998.1313253611056,0.0,0.0,23.967501477029426,0.0,0.0,25.557705610537617,0.0,0.0,31.927864950684388,0.0,0.0,0.0,0.0,0.0,0.0 
 07/21  07:50:00,815513.0859078143,5.714775472776426,978.2449507668645,0.0,0.0,24.145363678084884,0.0,0.0,25.82031408672359,0.0,0.0,32.97742589349738,0.0,0.0,0.0,0.0,0.0,0.0 
 07/21  08:00:00,813079.4393311047,5.679863287133575,976.8600295089706,0.0,0.0,24.594002527178507,0.0,0.0,26.100993398727045,0.0,0.0,33.99028107644749,0.0,0.0,0.0,0.0,0.0,0.0 
 07/21  08:10:00,980048.4880222223,5.768016108120621,990.386212405087,0.0,0.0,25.037943553687573,0.0,0.0,26.40947799572581,0.0,0.0,34.99424092596592,0.0,0.0,0.0,0.0,0.0,0.0 
 07/21  08:20:00,927074.4092859577,5.743536186128702,985.2178409112946,0.0,0.0,25.33327808216695,0.0,0.0,26.741353688644313,0.0,0.0,35.98577391061639,0.0,0.0,0.0,0.0,0.0,0.0 
 07/21  08:30:00,906658.9345819536,5.738787109022862,983.3464294512061,0.0,0.0,25.6475869232723,0.0,0.0,27.101445762843536,0.0,0.0,36.96297191570334,0.0,0.0,0.0,0.0,0.0,0.0 
 07/21  08:40:00,875822.7713386018,5.72797788869612,980.4727719143154,0.0,0.0,25.9551486269822,0.0,0.0,27.476113934712814,0.0,0.0,37.92204018809462,0.0,0.0,0.0,0.0,0.0,0.0 
 07/21  08:50:00,847595.7339739137,5.7186568795091395,977.8523684305313,0.0,0.0,26.264258343850095,0.0,0.0,27.847122853179958,0.0,0.0,38.85989337371923,0.0,0.0,0.0,0.0,0.0,0.0 
 07/21  09:00:00,9690.950861229998,0.05625557617578629,9.57818135742632,0.0,971356.2259304919,26.59723442053719,0.0,0.0,28.21670312407226,0.0,0.0,39.77379588547542,1670711.200644575,0.0,0.0,0.227927907112153,0.0,1.0 
 07/21  09:10:00,6700.861365190423,0.042180181837789286,9.56846377324118,0.0,1034722.3658403669,26.59858903504989,0.0,0.0,28.45250812325242,0.0,0.0,40.40246293145021,1753182.4266566527,0.0,0.0,0.2410254505230353,0.0,1.0 
 07/21  09:20:00,3703.5245401713278,0.04211608396934807,9.558765771490556,0.0,1185249.954910053,26.598595133778083,0.0,0.0,28.912676189512787,0.0,0.0,41.45257535737889,1936390.9408974238,0.0,0.0,0.27021225804716764,0.0,0.9999999999999996 
 07/21  09:30:00,714.5329920453241,0.05603694962361644,9.549087476875503,0.0,1291158.6415130943,26.598832753185203,0.0,0.0,29.160351222379074,0.0,0.0,42.04773387515286,2047147.6560847405,0.0,0.0,0.28926809349220356,0.0,1.0 
 07/21  09:40:00,0.0,0.04201280949342763,9.539428735824607,0.0,1389975.5047347904,26.598465068373372,0.0,0.0,29.461360981287946,0.0,0.0,42.744235147925956,2164436.0786043126,0.0,0.0,0.30843540211072185,0.0,1.0000000000000004 
 07/21  09:50:00,0.0,0.041949979545380274,9.529789401669124,0.0,1480492.588608325,26.598594561013897,0.0,0.0,29.955885874268333,0.0,0.0,43.75454037618941,2225277.604273285,0.0,0.0,0.3216551323315952,0.0,1.0000000000000009 
 07/21  10:00:00,0.0,0.04188936017567062,9.520169602757678,0.0,1563888.1416366405,26.598712488712586,0.0,0.0,30.32878380896393,0.0,0.0,44.48703407129696,2259087.3244736097,0.0,0.0,0.3316433451165834,0.0,1.0000000000000009 
 07/21  10:10:00,0.0,0.04183575701616748,9.511697620192367,0.0,1639351.987068815,26.598781257069923,0.0,0.0,30.666246767585427,0.0,0.0,45.17173693157974,2286049.595954218,0.0,0.0,0.34015982241956544,0.0,1.0 
 07/21  10:20:00,0.0,0.0417840339273139,9.50324065781546,0.0,1708256.3839791715,26.598862672249403,0.0,0.0,30.994865147892497,0.0,0.0,45.819366233902244,2308803.6310866517,0.0,0.0,0.34769346900208964,0.0,0.9999999999999996 
 07/21  10:30:00,0.0,0.041734060556235006,9.494798714677959,0.0,1771265.754585099,26.59894240719885,0.0,0.0,31.316669880043968,0.0,0.0,46.42590430430426,2328683.2931250473,0.0,0.0,0.35445014303960537,0.0,0.9999999999999996 
 07/21  10:40:00,0.0,0.027837707301281288,9.486371739107849,0.0,1829755.8193434388,26.59845709707128,0.0,0.0,31.50484266843426,0.0,0.0,46.80009753812851,2376130.1762343645,0.0,0.0,0.3637913188202135,0.0,1.0 
 07/21  10:50:00,0.0,0.027804770271524715,9.477959691192947,0.0,1883409.436540307,26.59859380693796,0.0,0.0,31.919881340263196,0.0,0.0,47.51248010082478,2409352.0345143825,0.0,0.0,0.3713404520330938,0.0,1.0 
 07/21  11:00:00,0.0,0.02777304598537301,9.469562639404957,0.0,1934113.9942054334,26.598792856572743,0.0,0.0,32.243313811740705,0.0,0.0,48.01587754032232,2422532.6882423153,0.0,0.0,0.3765258533641763,0.0,1.0 
 07/21  11:10:00,0.0,0.027750438091315718,9.463972724896639,0.0,1980359.9662300225,26.598858963343407,0.0,0.0,32.52225326627898,0.0,0.0,48.46909099374054,2436013.5366521752,0.0,0.0,0.381151005010718,0.0,1.0 
 07/21  11:20:00,0.0,0.027728626103383006,9.45838949285745,0.0,2026134.3306668038,26.598937224746543,0.0,0.0,32.78647179145483,0.0,0.0,48.88369158335536,2453179.7499921834,0.0,0.0,0.38612000727283624,0.0,1.0 
 07/21  11:30:00,0.0,0.02770751577235782,9.452812831360362,0.0,2072914.985191917,26.599007539519032,0.0,0.0,33.04052125391479,0.0,0.0,49.24034520837175,2475161.395250692,0.0,0.0,0.39165599824186714,0.0,1.0 
 07/21  11:40:00,0.0,0.02768702036879406,9.44724275483521,0.0,2122081.1788852913,26.599069912444627,0.0,0.0,33.28418458174596,0.0,0.0,49.54824351655893,2503048.7719197907,0.0,0.0,0.3979725517357844,0.0,1.0 
 07/21  11:50:00,0.0,0.013889337605659685,9.441679116359657,0.0,2175733.3603515388,26.59847975113929,0.0,0.0,33.51792588934999,0.0,0.0,49.813531491825785,2541237.6807897417,0.0,0.0,0.40569947499073794,0.0,1.0 
 07/21  12:00:00,0.0,0.013879127539142456,9.436122124129463,0.0,2232230.003058869,26.598482784039465,0.0,0.0,33.74578374623478,0.0,0.0,50.04214218817897,2587757.282853367,0.0,0.0,0.41455321873469914,0.0,1.0 
 07/21  12:10:00,0.0,0.013870827532944056,9.431681196838777,0.0,2295917.5864761514,26.598553159279767,0.0,0.0,33.95773429264918,0.0,0.0,50.24549714314774,2639394.8807864636,0.0,0.0,0.42425259433861096,0.0,1.0 
 07/21  12:20:00,0.0,0.013862733651216791,9.427244438633123,0.0,2364915.111056312,26.598621133081156,0.0,0.0,34.15418025634829,0.0,0.0,50.44169062643554,2698743.652359543,0.0,0.0,0.43513256715707205,0.0,1.0 
 07/21  12:30:00,0.0,0.013854810343980567,9.422811948911887,0.0,2439574.9624171816,26.598681624847007,0.0,0.0,34.34065555126512,0.0,0.0,50.63129875278642,2765563.0602557543,0.0,0.0,0.44718941633441267,0.0,1.0 
 07/21  12:40:00,0.0,0.013847037011926713,9.41838351557192,0.0,2519724.166219018,26.598735814428096,0.0,0.0,34.52067597725974,0.0,0.0,50.80423937357847,2839302.668888381,0.0,0.0,0.46035579351874345,0.0,1.0 
 07/21  12:50:00,0.0,0.013839398917729081,9.413959238064614,0.0,2604935.711282454,26.598784760257203,0.0,0.0,34.694806339736964,0.0,0.0,50.953013001909014,2919287.4166720547,0.0,0.0,0.4745361007047981,0.0,1.0 
 07/21  13:00:00,0.0,0.013831883241200663,9.4095391170655,0.0,2694513.3323162086,26.59882933921074,0.0,0.0,34.862593178386746,0.0,0.0,51.074107522162976,3004610.6645745947,0.0,0.0,0.4895932567539094,0.0,1.0 
 07/21  13:10:00,0.0,0.013826906040185261,9.406778727559546,0.0,2785930.5474421596,26.5988659153267,0.0,0.0,35.017156431306304,0.0,0.0,51.160454150625384,3093278.2642118693,0.0,0.0,0.5049483948933614,0.0,1.0 
 07/21  13:20:00,0.0,0.013822017306267764,9.40401983241959,0.0,2879620.7393073183,26.598899262252132,0.0,0.0,35.15861988506767,0.0,0.0,51.20659247203357,3184808.855653187,0.0,0.0,0.5207752340504744,0.0,1.0 
 07/21  13:30:00,0.0,0.013817209109923519,9.40126257857428,0.0,2974662.7093282104,26.598930507000638,0.0,0.0,35.29079787776092,0.0,0.0,51.20999226266967,3278109.151839238,0.0,0.0,0.5368998984840737,0.0,1.0 
 07/21  13:40:00,0.0,0.013812475645201045,9.398507029225348,0.0,3069927.610733863,26.598960027672792,0.0,0.0,35.41610478158365,0.0,0.0,51.17406035696964,3371913.6915885755,0.0,0.0,0.5531171292890007,0.0,1.0 
 07/21  13:50:00,0.0,0.013807811700757379,9.395752996121823,0.0,3164604.42647304,26.598988283964367,0.0,0.0,35.53500849816969,0.0,0.0,51.105903370060716,3465338.507006766,0.0,0.0,0.5692825648442488,0.0,1.0 
 07/21  14:00:00,0.0,0.01380321294636983,9.393000562594993,0.0,3257750.4519494446,26.599015208850947,0.0,0.0,35.64736387767961,0.0,0.0,51.00625004959705,3557371.9063268136,0.0,0.0,0.5852296015937797,0.0,1.0 
 07/21  14:10:00,0.0,0.013802788342094282,9.393000562594993,0.0,3342951.6723721614,26.600817256036866,0.0,0.0,35.741940555752265,0.0,0.0,50.86537876522703,3642355.3954618266,0.0,0.0,0.5995029561055982,0.0,1.0 
 07/21  14:20:00,0.0,0.013802330428385043,9.393000562594993,0.0,3429979.5032559377,26.601057230330955,0.0,0.0,35.818599832658045,0.0,0.0,50.67745896745059,3730313.9639091585,0.0,0.0,0.6142450324156526,0.0,1.0 
 07/21  14:30:00,0.0,0.013801897289435679,9.393000562594993,0.0,3509994.5794548574,26.60107446509518,0.0,0.0,35.883014234397066,0.0,0.0,50.44384791448709,3810708.7195173,0.0,0.0,0.6277384748586308,0.0,1.0 
 07/21  14:40:00,0.0,0.013801495580223281,9.393000562594993,0.0,3587329.2667362965,26.601057743808,0.0,0.0,35.93893960077201,0.0,0.0,50.168569264181855,3888391.294735053,0.0,0.0,0.6407763267821228,0.0,1.0 
 07/21  14:50:00,0.0,0.02749961734909867,9.393000562594993,0.0,3660616.7083647065,26.60066828230375,0.0,0.0,35.96509350138491,0.0,0.0,49.94673564067457,3961746.362295185,0.0,0.0,0.6531018892129188,0.0,1.0 
 07/21  15:00:00,0.0,0.027498971787405797,9.393000562594993,0.0,3732064.5527935214,26.600643754086697,0.0,0.0,36.01920121332641,0.0,0.0,49.51828395391132,4034617.8394880816,0.0,0.0,0.665286234308768,0.0,1.0 
 07/21  15:10:00,0.0,0.02750806276253375,9.396303694177886,0.0,3793875.5782763353,26.60063493575687,0.0,0.0,36.0352533838309,0.0,0.0,49.12504904896848,4097756.948881411,0.0,0.0,0.675228706884235,0.0,1.0 
 07/21  15:20:00,0.0,0.027517179889125498,9.399609033576429,0.0,3849916.672574584,26.600614838162763,0.0,0.0,36.02318526659671,0.0,0.0,48.68565885536067,4154939.3046499323,0.0,0.0,0.6841610287517762,0.0,1.0 
 07/21  15:30:00,0.0,0.027526325058527368,9.402916809893615,0.0,3900904.061966515,26.60059877959152,0.0,0.0,35.9941521391721,0.0,0.0,48.194438628833105,4206805.431820269,0.0,0.0,0.6921979554092177,0.0,1.0 
 07/21  15:40:00,0.0,0.027535499383088823,9.406226797354822,0.0,3946848.232810839,26.60058421999876,0.0,0.0,35.95041251789924,0.0,0.0,47.66140169675473,4253392.973537274,0.0,0.0,0.699347026268498,0.0,1.0 
 07/21  15:50:00,0.0,0.02754470340199648,9.4095391170655,0.0,3987723.259218583,26.600571317226326,0.0,0.0,35.901996181973416,0.0,0.0,47.0834942481526,4294703.242458902,0.0,0.0,0.7056097511440761,0.0,1.0 
 07/21  16:00:00,0.0,0.04128020944069802,9.412853864896869,0.0,4023598.851944829,26.600395333963874,0.0,0.0,35.86801572070719,0.0,0.0,46.633581367201664,4331742.298609168,0.0,0.0,0.7111186325580382,0.0,1.0000000000000009 
 07/21  16:10:00,0.0,0.041298889755686505,9.417277013910399,0.0,4052635.3739528456,26.600389806088806,0.0,0.0,35.79565129809051,0.0,0.0,45.83905880154212,4361850.631182107,0.0,0.0,0.7152540315483961,0.0,1.0 
 07/21  16:20:00,0.0,0.041317637754439134,9.421704407186438,0.0,4071979.366804258,26.600391468573594,0.0,0.0,35.720338002878165,0.0,0.0,45.12761748579845,4380704.931387422,0.0,0.0,0.7175679439084743,0.0,0.9999999999999996 
 07/21  16:30:00,0.0,0.04133643546686361,9.426135944243663,0.0,4090001.5525802253,26.60038814319205,0.0,0.0,35.64995962998984,0.0,0.0,44.396075623438044,4398390.604813671,0.0,0.0,0.7196761974154707,0.0,0.9999999999999996 
 07/21  16:40:00,0.0,0.04135528084961016,9.43057166050901,0.0,4103848.3989178063,26.600386839891534,0.0,0.0,35.58817049132609,0.0,0.0,43.636699319461286,4411822.240830345,0.0,0.0,0.7210767428321335,0.0,1.0000000000000009 
 07/21  16:50:00,0.0,0.04137417299940328,9.435011546270202,0.0,4111267.607438553,26.60038766614725,0.0,0.0,35.52605621414468,0.0,0.0,42.855940854772086,4418572.706221764,0.0,0.0,0.7213761386333121,0.0,1.0000000000000009 
 07/21  17:00:00,0.0,0.04139311249721388,9.439455528299785,0.0,4111328.884233183,26.600390900359834,0.0,0.0,35.45812698803462,0.0,0.0,42.05795133268295,4417653.619771181,0.0,0.0,0.7204165837189901,0.0,1.0000000000000009 
 07/21  17:10:00,0.0,0.04141697201050816,9.445016538364667,0.0,4101702.918605213,26.60039565999486,0.0,0.0,35.37699925290006,0.0,0.0,41.207995837694526,4407384.29795471,0.0,0.0,0.717688975531915,0.0,1.0 
 07/21  17:20:00,0.0,0.041440874134377685,9.450583986484576,0.0,4081959.5879317424,26.600404244424997,0.0,0.0,35.28777342557676,0.0,0.0,40.323565320524814,4386376.4755012635,0.0,0.0,0.7132205842734836,0.0,0.9999999999999996 
 07/21  17:30:00,0.0,0.05525298481389752,9.456158016184268,0.0,4050611.6152933524,26.60032127596582,0.0,0.0,35.22482733555347,0.0,0.0,39.661235449760014,4354167.046518753,0.0,0.0,0.7069021277008508,0.0,1.0 
 07/21  17:40:00,0.0,0.05528492821868883,9.461738616377685,0.0,4005382.554869419,26.60033675769558,0.0,0.0,35.111233900529214,0.0,0.0,38.54324108416306,4306239.705854971,0.0,0.0,0.6980857773645106,0.0,1.0000000000000004 
 07/21  17:50:00,0.0,0.055316988272324744,9.467325894367313,0.0,3944065.3166956785,26.600356728980373,0.0,0.0,35.0063109023162,0.0,0.0,37.55610343136342,4240824.4065379305,0.0,0.0,0.686472932427746,0.0,1.0 
 07/21  18:00:00,0.0,0.05534916434053925,9.47291968784203,0.0,3863108.9819060764,26.60037838534976,0.0,0.0,34.896744620734495,0.0,0.0,36.57696988138483,4154747.9254175504,0.0,0.0,0.6715390555884747,0.0,1.0 
 07/21  18:10:00,0.0,0.0553978227211685,9.481322792977616,0.0,3753919.954184252,26.6004022330415,0.0,0.0,34.76452841274305,0.0,0.0,35.57588166345116,4040591.5801649154,0.0,0.0,0.6515694631600559,0.0,1.0 
 07/21  18:20:00,0.0,0.055446626319885645,9.489740799229267,0.0,3616363.8866832163,26.600430457270328,0.0,0.0,34.60714075542813,0.0,0.0,34.54706329374266,3896039.493378502,0.0,0.0,0.6267936604609945,0.0,1.0 
 07/21  18:30:00,0.0,0.05549561409129097,9.498173743215316,0.0,3448374.021866792,26.600461249161082,0.0,0.0,34.42942265033716,0.0,0.0,33.495714015403095,3718898.2353555867,0.0,0.0,0.5968883557056951,0.0,1.0 
 07/21  18:40:00,0.0,0.055544686496485536,9.506621591862078,0.0,3240025.8740477613,26.599727820238186,0.0,0.0,34.22667971482246,0.0,0.0,32.44147090058805,3498628.349721022,0.0,0.0,0.5601983832735902,0.0,1.0 
 07/21  18:50:00,0.0,0.05559415491090944,9.515084553605178,0.0,3022495.3736191564,26.599725838977765,0.0,0.0,34.00069833001349,0.0,0.0,31.35829327211651,3268477.1740301135,0.0,0.0,0.5220785430222461,0.0,1.0 
 07/21  19:00:00,0.0,0.05564387904639709,9.523562594369425,0.0,2819716.558613905,26.599732673524677,0.0,0.0,33.76449029394613,0.0,0.0,30.280641785186162,3054312.0729853883,0.0,0.0,0.4866675248975105,0.0,1.0 
 07/21  19:10:00,0.0,0.05568057697564746,9.529789401669122,0.0,2673642.5790131665,26.59973697857841,0.0,0.0,33.53255040997499,0.0,0.0,29.27947227721649,2900343.6977196233,0.0,0.0,0.4612769013932424,0.0,1.0 
 07/21  19:20:00,0.0,0.04181331353193707,9.536024359247985,0.0,2565509.671373936,26.59967111072762,0.0,0.0,33.37158871920926,0.0,0.0,28.754561511287815,2786678.788885982,0.0,0.0,0.442396194719362,0.0,0.9999999999999996 
 07/21  19:30:00,0.0,0.041841035447951765,9.542267462480707,0.0,2471447.9133755313,26.599668323173915,0.0,0.0,33.09578808308948,0.0,0.0,27.828415604166143,2688565.022260978,0.0,0.0,0.4260278125485196,0.0,0.9999999999999996 
 07/21  19:40:00,546.9813325899396,0.0418687947760079,9.548518753415024,0.0,2384557.197875108,26.59966701292599,0.0,0.0,32.88059423242491,0.0,0.0,27.250583394420776,2598258.676922381,0.0,0.0,0.410944855365152,0.0,1.0000000000000009 
 07/21  19:50:00,2480.487110146678,0.02796495448821971,9.554778218655933,0.0,2302681.7834816934,26.59955059849286,0.0,0.0,32.7513760377346,0.0,0.0,27.03271583537665,2512346.7243396305,0.0,0.0,0.39664243766521934,0.0,1.0 
 07/21  20:00:00,4417.606268572275,0.027983588188476793,9.561045870389588,0.0,2224233.0077370964,26.59954355969335,0.0,0.0,32.48395072154244,0.0,0.0,26.476270115299656,2430257.0165312113,0.0,0.0,0.3829815094948661,0.0,1.0 
 07/21  20:10:00,6004.4480402511035,0.027998905876020483,9.566180120620208,0.0,2149402.7996314033,26.599541512033426,0.0,0.0,32.28767470668837,0.0,0.0,26.120822904255284,2352002.549800516,0.0,0.0,0.37007012006938966,0.0,1.0 
 07/21  20:20:00,7590.563452100456,0.0140584432173576,9.571319787504263,0.0,2077247.370263487,26.599293464938587,0.0,0.0,32.10855635960235,0.0,0.0,25.84973093837893,2276328.191019505,0.0,0.0,0.3576112036412155,0.0,1.0 
 07/21  20:30:00,9180.639071730606,0.014066204056453488,9.576465068784902,0.0,2006182.238153173,26.59927375196118,0.0,0.0,31.922905888805538,0.0,0.0,25.603029311021235,2201381.6440460137,0.0,0.0,0.3453118348763712,0.0,1.0 
 07/21  20:40:00,1436305.3469404443,5.653154826874618,1935.300877745155,0.0,396033.15006298444,26.408099938873328,0.0,0.0,31.79880537871408,0.0,0.0,25.471154209805434,579977.2936869448,0.0,0.0,0.08347201997526796,0.0,0.5 
 07/21  20:50:00,1713785.1730989427,5.698229565252274,1947.627772058644,0.0,260379.4011151189,26.395611497071798,0.0,0.0,31.56377295485967,0.0,0.0,25.19016004448219,462085.70005021855,0.0,0.0,0.06217321270235725,0.0,0.5 
 07/21  21:00:00,1834596.3828837536,5.733002185016424,1960.9697256519175,0.0,41545.92733422384,26.346121248796095,0.0,0.0,31.381959934545826,0.0,0.0,24.98550120884132,70120.10580339169,0.0,0.0,0.009584735785490723,0.0,0.5 
 07/21  21:10:00,2427983.007195184,11.493016437485778,2612.1098666706625,0.0,0.0,26.03492324751103,0.0,0.0,31.24845989147535,0.0,0.0,24.86215763594963,0.0,0.0,0.0,0.0,0.0,0.0 
 07/21  21:20:00,1559226.5632653206,5.665701337526262,1940.656578356675,0.0,0.0,25.966830561140384,0.0,0.0,31.098947167977997,0.0,0.0,24.72301923146322,0.0,0.0,0.0,0.0,0.0,0.0 
 07/21  21:30:00,3188938.2268637386,11.454536300308586,3903.122460166749,0.0,0.0,25.496535317765986,0.0,0.0,30.84262712978193,0.0,0.0,24.466083548324715,0.0,0.0,0.0,0.0,0.0,0.0 
 07/21  21:40:00,1852628.1882036692,11.460103920599947,1958.309757899296,0.0,0.0,25.635449047225897,0.0,0.0,30.70794342482129,0.0,0.0,24.34760777885288,0.0,0.0,0.0,0.0,0.0,0.0 
 07/21  21:50:00,1575322.5084719616,5.685793901528724,1950.6515624592578,0.0,0.0,25.503509946045682,0.0,0.0,30.56240437882495,0.0,0.0,24.21991649388,0.0,0.0,0.0,0.0,0.0,0.0 
 07/21  22:00:00,2431978.9744983725,11.503609884780428,2621.5421650850412,0.0,0.0,25.23224046982329,0.0,0.0,30.3761705177331,0.0,0.0,24.053820838542627,0.0,0.0,0.0,0.0,0.0,0.0 
 07/21  22:10:00,1541018.2452981777,5.6588767912729345,1943.3699808463234,0.0,0.0,25.200285787430253,0.0,0.0,30.215304270825584,0.0,0.0,23.91101870994768,0.0,0.0,0.0,0.0,0.0,0.0 
 07/21  22:20:00,3162762.3797045266,11.44653797933524,3910.1012169361156,0.0,0.0,24.757556621462395,0.0,0.0,29.950405687150784,0.0,0.0,23.661003555145296,0.0,0.0,0.0,0.0,0.0,0.0 
 07/21  22:30:00,1474314.6137346767,11.399696546005291,1566.5533110569236,0.0,0.0,24.991160498693976,0.0,0.0,29.820199347420882,0.0,0.0,23.554638864834217,0.0,0.0,0.0,0.0,0.0,0.0 
 07/21  22:40:00,1549047.2150386288,5.793676435575145,1992.2688908685568,0.0,0.0,24.79475472051348,0.0,0.0,29.68531326161692,0.0,0.0,23.447020651681466,0.0,0.0,0.0,0.0,0.0,0.0 
 07/21  22:50:00,2000408.0116179902,5.7590267814312135,1979.6830065504303,0.0,0.0,24.810198705388537,0.0,0.0,29.438164980050864,0.0,0.0,23.23160106709186,0.0,0.0,0.0,0.0,0.0,0.0 
 07/21  23:00:00,2401982.807048441,11.486026313512621,2624.2268818316397,0.0,0.0,24.465959891307996,0.0,0.0,29.317815242677177,0.0,0.0,23.139871610877933,0.0,0.0,0.0,0.0,0.0,0.0 
 07/21  23:10:00,1505562.414080552,5.652618672587093,1946.237063705699,0.0,0.0,24.410418660648496,0.0,0.0,29.17792596708641,0.0,0.0,23.03171801064307,0.0,0.0,0.0,0.0,0.0,0.0 
 07/21  23:20:00,1982965.2344564376,5.755374811642183,1980.9814596644485,0.0,0.0,24.417492204543343,0.0,0.0,28.931756963863123,0.0,0.0,22.825270701451323,0.0,0.0,0.0,0.0,0.0,0.0 
 07/21  23:30:00,2364385.0347818593,11.47482468492775,2625.0967227731944,0.0,0.0,24.075009463978493,0.0,0.0,28.813905790035324,0.0,0.0,22.73690223668168,0.0,0.0,0.0,0.0,0.0,0.0 
 07/21  23:40:00,1482494.6746591392,5.648803621305603,1947.4563415713662,0.0,0.0,24.0173041335708,0.0,0.0,28.676175703055552,0.0,0.0,22.63173138941209,0.0,0.0,0.0,0.0,0.0,0.0 
 07/21  23:50:00,1949244.1985324977,5.74947910838228,1981.5606752448334,0.0,0.0,24.022056847144867,0.0,0.0,28.43307465254761,0.0,0.0,22.430399565023905,0.0,0.0,0.0,0.0,0.0,0.0 
 07/21  24:00:00,2324183.9415477794,11.463962404863995,2626.056218011746,0.0,0.0,23.68326126010853,0.0,0.0,28.316792256385177,0.0,0.0,22.343191451274972,0.0,0.0,0.0,0.0,0.0,0.0 
